                  epoch,         train/box_loss,         train/cls_loss,         train/dfl_loss,   metrics/precision(B),      metrics/recall(B),       metrics/mAP50(B),    metrics/mAP50-95(B),           val/box_loss,           val/cls_loss,           val/dfl_loss,                 lr/pg0,                 lr/pg1,                 lr/pg2
                      0,                0.69661,                  2.809,                 1.1425,                0.00333,                      1,                0.02369,                0.00948,                 2.7274,                 3.9046,                 2.8004,                      0,                      0,                      0
                      1,                0.85281,                 3.0106,                 1.2608,                0.00333,                      1,                0.02618,                0.01047,                 2.7428,                 3.9466,                 2.7764,              1.604e-05,              1.604e-05,              1.604e-05
                      2,                 1.0102,                 3.0786,                 1.4188,                0.00333,                      1,                0.02211,                0.00884,                 2.7147,                 3.9379,                 2.8301,              2.416e-05,              2.416e-05,              2.416e-05
                      3,                0.92482,                 2.8734,                 1.3088,                0.00333,                      1,                0.02261,                0.00905,                 2.6612,                   3.93,                 2.8163,              2.436e-05,              2.436e-05,              2.436e-05
                      4,                 1.0167,                 3.1769,                 1.3956,                0.00333,                      1,                0.03685,                0.01134,                 2.6193,                 3.8641,                 2.8191,              1.664e-05,              1.664e-05,              1.664e-05
